Meeting ID,Created At,Description,Assignee,Due Date,Status
6a3e3a5f07d1faa3cec4347c,2026-06-26 14:07:51.307000,Alice will update the design by tomorrow.,Alice,,Pending
6a3e3a5f07d1faa3cec4347c,2026-06-26 14:07:51.307000,Bob to send the report @Bob due 2026-06-30,Bob,2026-06-30,Pending
6a3e3a5f07d1faa3cec4347c,2026-06-26 14:07:51.307000,Charlie restart the server.,Charlie,,Pending
6a3e429aa49f75a43ca6e13f,2026-06-26 14:42:58.704000,Alice will update the design by tomorrow.,Alice,,Pending
6a3e429aa49f75a43ca6e13f,2026-06-26 14:42:58.704000,Bob to send the report @Bob due 2026-06-30,Bob,2026-06-30,Pending
6a3e429aa49f75a43ca6e13f,2026-06-26 14:42:58.704000,Charlie restart the server.,Charlie,,Pending
6a3e68688fa3abe275a425b9,2026-06-26 17:24:16.437000,Alice will update the design by tomorrow.,Alice,,Pending
6a3e68688fa3abe275a425b9,2026-06-26 17:24:16.437000,Bob to send the report @Bob due 2026-06-30,Bob,2026-06-30,Pending
6a3e68688fa3abe275a425b9,2026-06-26 17:24:16.437000,Charlie restart the server.,Charlie,,Pending
