Description,Assignee,Due Date,Status
Alice will update the design by tomorrow.,Alice,,Pending
Bob to send the report @Bob due 2026-06-30,Bob,2026-06-30,Pending
Charlie restart the server.,Charlie,,Pending
Alice will update the design by tomorrow.,Alice,,Pending
Bob to send the report @Bob due 2026-06-30,Bob,2026-06-30,Pending
Charlie restart the server.,Charlie,,Pending
Alice will update the design by tomorrow.,Alice,,Pending
Bob to send the report @Bob due 2026-06-30,Bob,2026-06-30,Pending
Charlie restart the server.,Charlie,,Pending
